{
    "anchorpoints": [],
    "portpins": [
        {
            "name": "cport:Folder1:currentport1",
            "position": [
                821.0210538742288,
                0.0,
                10000.0
            ],
            "rotation": [
                0.0,
                -1.0,
                0.0,
                0.0,
                0.0,
                1.0,
                1.0,
                0.0,
                -0.0
            ]
        },
        {
            "name": "cport:Folder1:currentport2",
            "position": [
                821.0210538742288,
                0.0,
                -10000.0
            ],
            "rotation": [
                0.0,
                1.0,
                0.0,
                0.0,
                0.0,
                -1.0,
                1.0,
                -0.0,
                0.0
            ]
        },
        {
            "name": "cport:Folder1:currentport3",
            "position": [
                -821.0210538742289,
                -8.704341188265957e-14,
                -10000.0
            ],
            "rotation": [
                0.0,
                1.0,
                0.0,
                0.0,
                0.0,
                -1.0,
                1.0,
                -0.0,
                0.0
            ]
        },
        {
            "name": "cport:Folder1:currentport4",
            "position": [
                -821.0210538742289,
                8.704341188265957e-14,
                10000.0
            ],
            "rotation": [
                0.0,
                -1.0,
                0.0,
                0.0,
                0.0,
                1.0,
                1.0,
                0.0,
                -0.0
            ]
        }
    ],
    "version": 6
}