{
    "anchorpoints": [],
    "portpins": [
        {
            "name": "cport:Folder1:currentport1",
            "position": [
                -0.8210210538742289,
                8.704341188265958e-17,
                10.0
            ],
            "rotation": [
                0.0,
                -1.0,
                0.0,
                0.0,
                0.0,
                1.0,
                1.0,
                0.0,
                -0.0
            ]
        },
        {
            "name": "cport:Folder1:currentport2",
            "position": [
                0.8210210538742287,
                0.0,
                10.0
            ],
            "rotation": [
                0.0,
                -1.0,
                0.0,
                0.0,
                0.0,
                1.0,
                1.0,
                0.0,
                -0.0
            ]
        },
        {
            "name": "cport:Folder1:currentport3",
            "position": [
                0.8210210538742287,
                0.0,
                -10.0
            ],
            "rotation": [
                0.0,
                1.0,
                0.0,
                0.0,
                0.0,
                -1.0,
                1.0,
                -0.0,
                0.0
            ]
        },
        {
            "name": "cport:Folder1:currentport4",
            "position": [
                -0.8210210538742289,
                -8.704341188265958e-17,
                -10.0
            ],
            "rotation": [
                0.0,
                1.0,
                0.0,
                0.0,
                0.0,
                -1.0,
                1.0,
                -0.0,
                0.0
            ]
        }
    ],
    "version": 6
}